,Region,Mechanical Ventilation (MV),All Beds,Non MV Beds,Percentage on MV
0,East of England,-0.5258236136608196,-0.47680132602421516,-0.4724522955472785,-0.501967549758796
1,London,0.03911084729708576,-0.273260358019422,-0.29876710974094167,2.407989260437123
2,Midlands,-0.14920063968888272,-0.14924134829355776,-0.14914530358678588,0.13822294848430605
3,North East and Yorkshire,-0.46498451786535294,-0.34595356087827667,-0.33593430999579565,-0.9093615031862248
4,North West,-0.4012483222701021,-0.3770133839179691,-0.3747692692364443,-0.09457359633136769
5,South East,-0.3838657234713973,-0.35124033926801157,-0.34832337674741365,-0.15277273253528587
6,South West,-0.6996496016478675,-0.6477404939589765,-0.6430402146657109,-1.0257597755940617
7,TOTAL,2.5856615713073365,2.621250810360429,2.6224318795203705,0.13822294848430605
